Strategy,TotalTime_sec,PeakMemory_GB,Epochs,BatchSize,TrainableParams
convex,38.79904341697693,13.562117576599121,10,64,108314117
nonconvex,38.801371812820435,13.562117576599121,10,64,108314117
multistage,38.79903173446655,13.563094139099121,10,64,108314117
