Strategy,TotalTime_sec,PeakMemory_GB,Epochs,BatchSize,TrainableParams
convex,172.26013493537903,13.500059127807617,10,64,108314117
nonconvex,172.19020915031433,13.500059127807617,10,64,108314117
multistage,172.15610885620117,13.50230598449707,10,64,108314117
