Strategy,TotalTime_sec,PeakMemory_GB,Epochs,BatchSize,TrainableParams
convex,182.48107194900513,11.43698263168335,10,64,108314117
nonconvex,181.48361468315125,11.43698263168335,10,64,108314117
multistage,181.74169373512268,11.43698263168335,10,64,108314117
