Strategy,TotalTime_sec,PeakMemory_GB,Epochs,BatchSize,TrainableParams
convex,98.06890821456909,11.436299800872803,10,64,108314117
nonconvex,93.8838427066803,11.43698263168335,10,64,108314117
multistage,93.55574440956116,11.43698263168335,10,64,108314117
